-- phpMyAdmin SQL Dump
-- version 4.8.3
-- https://www.phpmyadmin.net/
--
-- Servidor: localhost
-- Tiempo de generación: 12-03-2019 a las 06:31:33
-- Versión del servidor: 10.1.37-MariaDB
-- Versión de PHP: 7.2.1

SET SQL_MODE = "NO_AUTO_VALUE_ON_ZERO";
SET AUTOCOMMIT = 0;
START TRANSACTION;
SET time_zone = "+00:00";


/*!40101 SET @OLD_CHARACTER_SET_CLIENT=@@CHARACTER_SET_CLIENT */;
/*!40101 SET @OLD_CHARACTER_SET_RESULTS=@@CHARACTER_SET_RESULTS */;
/*!40101 SET @OLD_COLLATION_CONNECTION=@@COLLATION_CONNECTION */;
/*!40101 SET NAMES utf8mb4 */;

--
-- Base de datos: `gdlwebcamp`
--

-- --------------------------------------------------------

--
-- Estructura de tabla para la tabla `categoria_evento`
--

CREATE TABLE `categoria_evento` (
  `id_categoria` tinyint(10) NOT NULL,
  `cat_evento` varchar(50) NOT NULL,
  `icono` varchar(15) NOT NULL
) ENGINE=InnoDB DEFAULT CHARSET=utf8;

--
-- Volcado de datos para la tabla `categoria_evento`
--

INSERT INTO `categoria_evento` (`id_categoria`, `cat_evento`, `icono`) VALUES
(1, 'Seminario', 'fa-university'),
(2, 'Conferencias', 'fa-comment'),
(3, 'Talleres', 'fa-code');

-- --------------------------------------------------------

--
-- Estructura de tabla para la tabla `eventos`
--

CREATE TABLE `eventos` (
  `evento_id` tinyint(10) NOT NULL,
  `nombre_evento` varchar(60) NOT NULL,
  `fecha_evento` date NOT NULL,
  `hora_evento` time NOT NULL,
  `id_cat_evento` tinyint(10) NOT NULL,
  `id_inv` tinyint(4) NOT NULL,
  `clave` varchar(10) NOT NULL
) ENGINE=InnoDB DEFAULT CHARSET=utf8;

--
-- Volcado de datos para la tabla `eventos`
--

INSERT INTO `eventos` (`evento_id`, `nombre_evento`, `fecha_evento`, `hora_evento`, `id_cat_evento`, `id_inv`, `clave`) VALUES
(2, 'Responsive Web Design', '2016-12-09', '10:00:00', 3, 1, 'taller_01'),
(3, 'Flexbox', '2016-12-09', '12:00:00', 3, 2, 'taller_02'),
(4, 'HTML5 y CSS3', '2016-12-09', '14:00:00', 3, 3, 'taller_03'),
(5, 'Drupal', '2016-12-09', '17:00:00', 3, 4, 'taller_04'),
(6, 'WordPress', '2016-12-09', '19:00:00', 3, 5, 'taller_05'),
(7, 'Como ser freelancer', '2016-12-09', '10:00:00', 2, 6, 'conf_01'),
(8, 'Tecnologías del Futuro', '2016-12-09', '17:00:00', 2, 1, 'conf_02'),
(9, 'Seguridad en la Web', '2016-12-09', '19:00:00', 2, 2, 'conf_03'),
(10, 'Diseño UI y UX para móviles', '2016-12-09', '10:00:00', 1, 6, 'sem_01'),
(11, 'AngularJS', '2016-12-10', '10:00:00', 3, 1, 'taller_06'),
(12, 'PHP y MySQL', '2016-12-10', '12:00:00', 3, 2, 'taller_07'),
(13, 'JavaScript Avanzado', '2016-12-10', '14:00:00', 3, 3, 'taller_08'),
(14, 'SEO en Google', '2016-12-10', '17:00:00', 3, 4, 'taller_09'),
(15, 'De Photoshop a HTML5 y CSS3', '2016-12-10', '19:00:00', 3, 5, 'taller_10'),
(16, 'PHP Intermedio y Avanzado', '2016-12-10', '21:00:00', 3, 6, 'taller_11'),
(17, 'Como crear una tienda online que venda millones en pocos día', '2016-12-10', '10:00:00', 2, 6, 'conf_04'),
(18, 'Los mejores lugares para encontrar trabajo', '2016-12-10', '17:00:00', 2, 1, 'conf_05'),
(19, 'Pasos para crear un negocio rentable ', '2016-12-10', '19:00:00', 2, 2, 'conf_06'),
(20, 'Aprende a Programar en una mañana', '2016-12-10', '10:00:00', 1, 3, 'sem_02'),
(21, 'Diseño UI y UX para móviles', '2016-12-10', '17:00:00', 1, 5, 'sem_03'),
(22, 'Laravel', '2016-12-11', '10:00:00', 3, 1, 'taller_12'),
(23, 'Crea tu propia API', '2016-12-11', '12:00:00', 3, 2, 'taller_13'),
(24, 'JavaScript y jQuery', '2016-12-11', '14:00:00', 3, 3, 'taller_14'),
(25, 'Creando Plantillas para WordPress', '2016-12-11', '17:00:00', 3, 4, 'taller_15'),
(26, 'Tiendas Virtuales en Magento', '2016-12-11', '19:00:00', 3, 5, 'taller_16'),
(27, 'Como hacer Marketing en línea', '2016-12-11', '10:00:00', 2, 6, 'conf_07'),
(28, '¿Con que lenguaje debo empezar?', '2016-12-11', '17:00:00', 2, 2, 'conf_08'),
(29, 'Frameworks y librerias Open Source', '2016-12-11', '19:00:00', 2, 3, 'conf_09'),
(30, 'Creando una App en Android en una mañana', '2016-12-11', '10:00:00', 1, 4, 'sem_04'),
(31, 'Creando una App en iOS en una tarde', '2016-12-11', '17:00:00', 1, 1, 'sem_05');

-- --------------------------------------------------------

--
-- Estructura de tabla para la tabla `invitados`
--

CREATE TABLE `invitados` (
  `invitado_id` tinyint(4) NOT NULL,
  `nombre_invitado` varchar(30) NOT NULL,
  `apellido_invitado` varchar(30) NOT NULL,
  `descripcion` text NOT NULL,
  `url_imagen` varchar(50) NOT NULL
) ENGINE=InnoDB DEFAULT CHARSET=utf8;

--
-- Volcado de datos para la tabla `invitados`
--

INSERT INTO `invitados` (`invitado_id`, `nombre_invitado`, `apellido_invitado`, `descripcion`, `url_imagen`) VALUES
(1, 'Rafael', 'Bautista', 'Lorem ipsum dolor, sit amet consectetur adipisicing elit. Consectetur provident, velit asperiores maxime voluptatum eveniet qui assumenda ad a reprehenderit eum natus dignissimos aliquid corporis.', 'invitado1.jpg'),
(2, 'Shari', 'Herrera', 'voluptatum eveniet qui assumenda ad a reprehenderit eum natus dignissimos aliquid corporis.', 'invitado2.jpg'),
(3, 'Gregorio', 'Sanchez', 'ducimus ratione architecto nemo quia necessitatibus reprehenderit, officia nihil dolorem illum, tenetur debitis autem explicabo perferendis voluptas ab.', 'invitado3.jpg'),
(4, 'Susana', 'Rivera', 'officia nihil dolorem illum, tenetur debitis autem explicabo perferendis voluptas ab. olestias eum vitae doloribus eaque obcaecati voluptatibus. Necessitatib', 'invitado4.jpg'),
(5, 'Harold', 'Garcia', 'olestias eum vitae doloribus eaque obcaecati voluptatibus. Necessitatib. em ipsum dolor sit amet, consectetur adipisicing elit. Eius ducimus ratione architecto ne', 'invitado5.jpg'),
(6, 'Susan', 'Sanchez', 'nihil dolorem illum, tenetur debitis autem explicabo perferendis voluptas ab. sectetur adipisicing elit. Eius ducimus ratione architecto nemo quia necessitatibus re', 'invitado6.jpg');

-- --------------------------------------------------------

--
-- Estructura de tabla para la tabla `regalos`
--

CREATE TABLE `regalos` (
  `ID_regalo` int(11) NOT NULL,
  `nombre_regalo` varchar(50) NOT NULL
) ENGINE=InnoDB DEFAULT CHARSET=utf8;

--
-- Volcado de datos para la tabla `regalos`
--

INSERT INTO `regalos` (`ID_regalo`, `nombre_regalo`) VALUES
(1, 'Pulseras'),
(2, 'Etiquetas'),
(3, 'Plumas');

-- --------------------------------------------------------

--
-- Estructura de tabla para la tabla `registrados`
--

CREATE TABLE `registrados` (
  `ID_Registrado` bigint(20) UNSIGNED NOT NULL,
  `nombre_registrado` varchar(50) NOT NULL,
  `apellido_registrado` varchar(50) NOT NULL,
  `email_registrado` varchar(100) NOT NULL,
  `fecha_registro` datetime NOT NULL,
  `pases_articulos` longtext NOT NULL,
  `talleres_registrados` longtext NOT NULL,
  `regalo` int(11) NOT NULL,
  `total_pagado` varchar(50) NOT NULL
) ENGINE=InnoDB DEFAULT CHARSET=utf8;

--
-- Volcado de datos para la tabla `registrados`
--

INSERT INTO `registrados` (`ID_Registrado`, `nombre_registrado`, `apellido_registrado`, `email_registrado`, `fecha_registro`, `pases_articulos`, `talleres_registrados`, `regalo`, `total_pagado`) VALUES
(1, 'Bryan', 'Silva', 'brandonb2813@hotmail.com', '2018-10-28 21:05:17', '{\"un_dia\":1,\"pase_completo\":1,\"etiquetas\":2}', '{\"eventos\":[\"taller_05\",\"conf_01\",\"conf_02\",\"conf_03\",\"taller_07\",\"taller_10\",\"conf_05\",\"conf_06\",\"taller_16\"]}', 1, '84'),
(8, 'Nathalia', 'Fuentes', 'nv12fo@gmail.com', '2018-10-28 21:29:27', '{\"un_dia\":1}', '{\"eventos\":[\"taller_02\",\"taller_03\",\"taller_04\",\"taller_05\"]}', 2, '30');

--
-- Índices para tablas volcadas
--

--
-- Indices de la tabla `categoria_evento`
--
ALTER TABLE `categoria_evento`
  ADD PRIMARY KEY (`id_categoria`);

--
-- Indices de la tabla `eventos`
--
ALTER TABLE `eventos`
  ADD PRIMARY KEY (`evento_id`),
  ADD KEY `id_cat_evento` (`id_cat_evento`),
  ADD KEY `id_inv` (`id_inv`);

--
-- Indices de la tabla `invitados`
--
ALTER TABLE `invitados`
  ADD PRIMARY KEY (`invitado_id`);

--
-- Indices de la tabla `regalos`
--
ALTER TABLE `regalos`
  ADD PRIMARY KEY (`ID_regalo`);

--
-- Indices de la tabla `registrados`
--
ALTER TABLE `registrados`
  ADD PRIMARY KEY (`ID_Registrado`),
  ADD KEY `regalo` (`regalo`);

--
-- AUTO_INCREMENT de las tablas volcadas
--

--
-- AUTO_INCREMENT de la tabla `categoria_evento`
--
ALTER TABLE `categoria_evento`
  MODIFY `id_categoria` tinyint(10) NOT NULL AUTO_INCREMENT, AUTO_INCREMENT=4;

--
-- AUTO_INCREMENT de la tabla `eventos`
--
ALTER TABLE `eventos`
  MODIFY `evento_id` tinyint(10) NOT NULL AUTO_INCREMENT, AUTO_INCREMENT=32;

--
-- AUTO_INCREMENT de la tabla `invitados`
--
ALTER TABLE `invitados`
  MODIFY `invitado_id` tinyint(4) NOT NULL AUTO_INCREMENT, AUTO_INCREMENT=7;

--
-- AUTO_INCREMENT de la tabla `regalos`
--
ALTER TABLE `regalos`
  MODIFY `ID_regalo` int(11) NOT NULL AUTO_INCREMENT, AUTO_INCREMENT=4;

--
-- AUTO_INCREMENT de la tabla `registrados`
--
ALTER TABLE `registrados`
  MODIFY `ID_Registrado` bigint(20) UNSIGNED NOT NULL AUTO_INCREMENT, AUTO_INCREMENT=9;

--
-- Restricciones para tablas volcadas
--

--
-- Filtros para la tabla `eventos`
--
ALTER TABLE `eventos`
  ADD CONSTRAINT `eventos_ibfk_1` FOREIGN KEY (`id_cat_evento`) REFERENCES `categoria_evento` (`id_categoria`),
  ADD CONSTRAINT `eventos_ibfk_2` FOREIGN KEY (`id_inv`) REFERENCES `invitados` (`invitado_id`);

--
-- Filtros para la tabla `registrados`
--
ALTER TABLE `registrados`
  ADD CONSTRAINT `registrados_ibfk_1` FOREIGN KEY (`regalo`) REFERENCES `regalos` (`ID_regalo`);
COMMIT;

/*!40101 SET CHARACTER_SET_CLIENT=@OLD_CHARACTER_SET_CLIENT */;
/*!40101 SET CHARACTER_SET_RESULTS=@OLD_CHARACTER_SET_RESULTS */;
/*!40101 SET COLLATION_CONNECTION=@OLD_COLLATION_CONNECTION */;
